{"type":"Topology","arcs":[[[4033,4082],[40,-10],[-33,-22],[118,-51],[-13,-34],[-73,-9],[-27,31],[-96,14],[-112,18],[-71,63],[267,0]],[[1284,4082],[-52,-64],[-95,-27],[-14,15],[10,40],[23,36],[128,0]],[[772,4003],[-138,79],[141,0],[12,-7],[38,-37],[-6,-32],[-47,-3]],[[3812,339],[67,-8],[8,-142],[-38,-42],[-12,-96],[-38,33],[-78,-84],[-22,6],[-69,4],[-68,103],[-15,79],[-64,105],[2,55],[73,-11],[107,-41],[61,16],[86,23]],[[1422,1370],[-118,-62],[-96,-28],[-22,-62],[-41,-49],[-94,-3],[-69,-11],[-99,22],[-79,-13],[-77,-5],[-66,-64],[-32,5],[-56,-34],[-53,-38],[-81,5],[-74,0],[-118,76],[-60,23],[3,69],[55,16],[19,27],[-4,44],[13,83],[-12,71],[-59,121],[-18,69],[5,68],[-44,78],[-3,35],[-49,48],[-14,94],[-64,95],[-15,51],[49,-52],[-38,112],[55,-35],[33,-47],[-2,62],[-55,94],[-10,38],[-26,36],[12,69],[23,30],[15,60],[-12,70],[46,86],[8,-91],[47,83],[90,40],[54,51],[85,44],[51,9],[30,-15],[88,45],[67,13],[17,27],[29,11],[62,-3],[116,35],[61,53],[28,64],[65,61],[5,48],[3,65],[78,102],[46,-103],[48,24],[-40,56],[35,58],[49,-26],[13,92],[61,59],[27,47],[56,21],[1,33],[49,-14],[2,30],[49,17],[53,17],[82,-56],[62,-71],[70,0],[70,-12],[-23,66],[53,96],[50,32],[-18,30],[49,68],[67,43],[57,-15],[93,23],[-2,61],[-81,40],[59,17],[73,-30],[59,-49],[94,-30],[31,12],[69,-37],[65,34],[42,-10],[26,23],[51,-60],[-30,-64],[-42,-48],[-38,-4],[13,-48],[-33,-60],[-39,-59],[8,-34],[88,-66],[85,-39],[57,-41],[81,-71],[31,0],[58,-31],[17,-37],[106,-40],[73,41],[22,64],[22,53],[14,66],[34,95],[-16,58],[9,35],[-13,69],[14,90],[21,25],[-17,40],[27,63],[21,66],[3,34],[41,45],[31,-58],[8,-76],[28,-14],[5,-50],[40,-61],[8,-68],[-4,-44],[40,-94],[71,45],[37,-51],[54,-46],[-12,-54],[24,-102],[17,-60],[28,-15],[30,-103],[-11,-62],[36,-81],[120,-63],[79,-57],[74,-52],[-15,-29],[64,-75],[43,-130],[44,26],[45,-52],[28,19],[19,-127],[78,-74],[52,-46],[87,-97],[31,-96],[3,-69],[-8,-74],[53,-102],[-6,-106],[-20,-56],[-30,-107],[3,-68],[-22,-86],[-49,-109],[-82,-59],[-41,-93],[-37,-60],[-33,-103],[-43,-60],[-28,-90],[-14,-82],[6,-38],[-64,-42],[-124,-4],[-103,-49],[-51,-47],[-67,-51],[-92,53],[-68,21],[17,62],[-60,-22],[-97,-87],[-96,32],[-63,19],[-64,9],[-107,35],[-72,73],[-20,92],[-26,60],[-55,49],[-107,14],[37,58],[-27,90],[-54,-83],[-99,-23],[58,67],[17,69],[43,59],[-9,89],[-90,-103],[-70,-41],[-42,-95],[-87,49],[4,64],[-70,87],[-58,45],[20,28],[-142,72],[-78,4],[-107,58],[-198,-11],[-144,-43],[-126,-40],[-106,8]]],"transform":{"scale":[0.009010193941922009,0.008336775343908647],"translate":[113.33895307826242,-43.6345972633621]},"objects":{"ne_110m_admin_0_countries":{"type":"GeometryCollection","geometries":[{"arcs":[[0]],"type":"Polygon","properties":{"featurecla":"Admin-0 country","scalerank":1,"LABELRANK":2,"SOVEREIGNT":"Papua New Guinea","SOV_A3":"PNG","ADM0_DIF":0,"LEVEL":2,"TYPE":"Sovereign country","TLC":"1","ADMIN":"Papua New Guinea","ADM0_A3":"PNG","GEOU_DIF":0,"GEOUNIT":"Papua New Guinea","GU_A3":"PNG","SU_DIF":1,"SUBUNIT":"Papua New Guinea","SU_A3":"PN1","BRK_DIFF":0,"NAME":"Papua New Guinea","NAME_LONG":"Papua New Guinea","BRK_A3":"PN1","BRK_NAME":"Papua New Guinea","BRK_GROUP":"","ABBREV":"P.N.G.","POSTAL":"PG","FORMAL_EN":"Independent State of Papua New Guinea","FORMAL_FR":"","NAME_CIAWF":"Papua New Guinea","NOTE_ADM0":"","NOTE_BRK":"","NAME_SORT":"Papua New Guinea","NAME_ALT":"","MAPCOLOR7":4,"MAPCOLOR8":2,"MAPCOLOR9":3,"MAPCOLOR13":1,"POP_EST":8776109,"POP_RANK":13,"POP_YEAR":2019,"GDP_MD":24829,"GDP_YEAR":2019,"ECONOMY":"6. Developing region","INCOME_GRP":"4. Lower middle income","FIPS_10":"PP","ISO_A2":"PG","ISO_A2_EH":"PG","ISO_A3":"PNG","ISO_A3_EH":"PNG","ISO_N3":"598","ISO_N3_EH":"598","UN_A3":"598","WB_A2":"PG","WB_A3":"PNG","WOE_ID":23424926,"WOE_ID_EH":23424926,"WOE_NOTE":"Exact WOE match as country","ADM0_ISO":"PN1","ADM0_DIFF":"","ADM0_TLC":"PN1","ADM0_A3_US":"PNG","ADM0_A3_FR":"PNG","ADM0_A3_RU":"PNG","ADM0_A3_ES":"PNG","ADM0_A3_CN":"PNG","ADM0_A3_TW":"PNG","ADM0_A3_IN":"PNG","ADM0_A3_NP":"PNG","ADM0_A3_PK":"PNG","ADM0_A3_DE":"PNG","ADM0_A3_GB":"PNG","ADM0_A3_BR":"PNG","ADM0_A3_IL":"PNG","ADM0_A3_PS":"PNG","ADM0_A3_SA":"PNG","ADM0_A3_EG":"PNG","ADM0_A3_MA":"PNG","ADM0_A3_PT":"PNG","ADM0_A3_AR":"PNG","ADM0_A3_JP":"PNG","ADM0_A3_KO":"PNG","ADM0_A3_VN":"PNG","ADM0_A3_TR":"PNG","ADM0_A3_ID":"PNG","ADM0_A3_PL":"PNG","ADM0_A3_GR":"PNG","ADM0_A3_IT":"PNG","ADM0_A3_NL":"PNG","ADM0_A3_SE":"PNG","ADM0_A3_BD":"PNG","ADM0_A3_UA":"PNG","ADM0_A3_UN":-99,"ADM0_A3_WB":-99,"CONTINENT":"Oceania","REGION_UN":"Oceania","SUBREGION":"Melanesia","REGION_WB":"East Asia & Pacific","NAME_LEN":16,"LONG_LEN":16,"ABBREV_LEN":6,"TINY":-99,"HOMEPART":1,"MIN_ZOOM":0,"MIN_LABEL":2.5,"MAX_LABEL":7.5,"LABEL_X":143.910216,"LABEL_Y":-5.695285,"NE_ID":1159321173,"WIKIDATAID":"Q691","NAME_AR":"بابوا غينيا الجديدة","NAME_BN":"পাপুয়া নিউগিনি","NAME_DE":"Papua-Neuguinea","NAME_EN":"Papua New Guinea","NAME_ES":"Papúa Nueva Guinea","NAME_FA":"پاپوآ گینه نو","NAME_FR":"Papouasie-Nouvelle-Guinée","NAME_EL":"Παπούα Νέα Γουινέα","NAME_HE":"פפואה גינאה החדשה","NAME_HI":"पापुआ न्यू गिनी","NAME_HU":"Pápua Új-Guinea","NAME_ID":"Papua Nugini","NAME_IT":"Papua Nuova Guinea","NAME_JA":"パプアニューギニア","NAME_KO":"파푸아뉴기니","NAME_NL":"Papoea-Nieuw-Guinea","NAME_PL":"Papua-Nowa Gwinea","NAME_PT":"Papua-Nova Guiné","NAME_RU":"Папуа — Новая Гвинея","NAME_SV":"Papua Nya Guinea","NAME_TR":"Papua Yeni Gine","NAME_UK":"Папуа Нова Гвінея","NAME_UR":"پاپوا نیو گنی","NAME_VI":"Papua New Guinea","NAME_ZH":"巴布亚新几内亚","NAME_ZHT":"巴布亞紐幾內亞","FCLASS_ISO":"Admin-0 country","TLC_DIFF":"","FCLASS_TLC":"Admin-0 country","FCLASS_US":"","FCLASS_FR":"","FCLASS_RU":"","FCLASS_ES":"","FCLASS_CN":"","FCLASS_TW":"","FCLASS_IN":"","FCLASS_NP":"","FCLASS_PK":"","FCLASS_DE":"","FCLASS_GB":"","FCLASS_BR":"","FCLASS_IL":"","FCLASS_PS":"","FCLASS_SA":"","FCLASS_EG":"","FCLASS_MA":"","FCLASS_PT":"","FCLASS_AR":"","FCLASS_JP":"","FCLASS_KO":"","FCLASS_VN":"","FCLASS_TR":"","FCLASS_ID":"","FCLASS_PL":"","FCLASS_GR":"","FCLASS_IT":"","FCLASS_NL":"","FCLASS_SE":"","FCLASS_BD":"","FCLASS_UA":""}},{"arcs":[[[1]],[[2]]],"type":"MultiPolygon","properties":{"featurecla":"Admin-0 country","scalerank":1,"LABELRANK":2,"SOVEREIGNT":"Indonesia","SOV_A3":"IDN","ADM0_DIF":0,"LEVEL":2,"TYPE":"Sovereign country","TLC":"1","ADMIN":"Indonesia","ADM0_A3":"IDN","GEOU_DIF":0,"GEOUNIT":"Indonesia","GU_A3":"IDN","SU_DIF":0,"SUBUNIT":"Indonesia","SU_A3":"IDN","BRK_DIFF":0,"NAME":"Indonesia","NAME_LONG":"Indonesia","BRK_A3":"IDN","BRK_NAME":"Indonesia","BRK_GROUP":"","ABBREV":"Indo.","POSTAL":"INDO","FORMAL_EN":"Republic of Indonesia","FORMAL_FR":"","NAME_CIAWF":"Indonesia","NOTE_ADM0":"","NOTE_BRK":"","NAME_SORT":"Indonesia","NAME_ALT":"","MAPCOLOR7":6,"MAPCOLOR8":6,"MAPCOLOR9":6,"MAPCOLOR13":11,"POP_EST":270625568,"POP_RANK":17,"POP_YEAR":2019,"GDP_MD":1119190,"GDP_YEAR":2019,"ECONOMY":"4. Emerging region: MIKT","INCOME_GRP":"4. Lower middle income","FIPS_10":"ID","ISO_A2":"ID","ISO_A2_EH":"ID","ISO_A3":"IDN","ISO_A3_EH":"IDN","ISO_N3":"360","ISO_N3_EH":"360","UN_A3":"360","WB_A2":"ID","WB_A3":"IDN","WOE_ID":23424846,"WOE_ID_EH":23424846,"WOE_NOTE":"Exact WOE match as country","ADM0_ISO":"IDN","ADM0_DIFF":"","ADM0_TLC":"IDN","ADM0_A3_US":"IDN","ADM0_A3_FR":"IDN","ADM0_A3_RU":"IDN","ADM0_A3_ES":"IDN","ADM0_A3_CN":"IDN","ADM0_A3_TW":"IDN","ADM0_A3_IN":"IDN","ADM0_A3_NP":"IDN","ADM0_A3_PK":"IDN","ADM0_A3_DE":"IDN","ADM0_A3_GB":"IDN","ADM0_A3_BR":"IDN","ADM0_A3_IL":"IDN","ADM0_A3_PS":"IDN","ADM0_A3_SA":"IDN","ADM0_A3_EG":"IDN","ADM0_A3_MA":"IDN","ADM0_A3_PT":"IDN","ADM0_A3_AR":"IDN","ADM0_A3_JP":"IDN","ADM0_A3_KO":"IDN","ADM0_A3_VN":"IDN","ADM0_A3_TR":"IDN","ADM0_A3_ID":"IDN","ADM0_A3_PL":"IDN","ADM0_A3_GR":"IDN","ADM0_A3_IT":"IDN","ADM0_A3_NL":"IDN","ADM0_A3_SE":"IDN","ADM0_A3_BD":"IDN","ADM0_A3_UA":"IDN","ADM0_A3_UN":-99,"ADM0_A3_WB":-99,"CONTINENT":"Asia","REGION_UN":"Asia","SUBREGION":"South-Eastern Asia","REGION_WB":"East Asia & Pacific","NAME_LEN":9,"LONG_LEN":9,"ABBREV_LEN":5,"TINY":-99,"HOMEPART":1,"MIN_ZOOM":0,"MIN_LABEL":1.7,"MAX_LABEL":6.7,"LABEL_X":101.892949,